,planet_radius,planet_mass,planet_density
687,,1366.66215,
688,,1398.44499,
690,,2224.79885,
799,,634.38868,
800,,592.43512,
1240,,5196.5205,
1374,,2447.2,
1375,,2002.2,
1667,,382.8,23.0
1837,,,
1838,,,
1896,,344.0,
1947,,954.0,
2834,,,
2835,,,
2836,,,
4690,,100.0,
